[
  {
    "id": "1760368542945498",
    "title": "test",
    "content": "test",
    "author": "test",
    "likes": 0,
    "dislikes": 0,
    "createdAt": 1760368542945,
    "updatedAt": 1760368542945,
    "comments": [],
    "imageUrl": ""
  },
  {
    "id": "p1",
    "title": "A Quiet Morning",
    "content": "The world felt still today. I made coffee, opened the window, and let the soft light spill in. Sometimes that’s all we need — quiet and breath.\n\nI keep learning that attention is a lantern: turn it toward anything, and the ordinary brightens like a stage. At the window the rain practiced its handwriting, long cursive lines that turned the neighborhood into a watercolor I could breathe.\n\nIt turns out most of my favorite moments can’t be photographed; they happen in the breath between noticing and naming.",
    "author": "Mira",
    "likes": 11,
    "dislikes": 0,
    "createdAt": 1759740131000,
    "updatedAt": 1760222867454,
    "comments": [
      {
        "id": "c1",
        "content": "This feels so peaceful. I needed to read this today.",
        "author": "Marina",
        "createdAt": 1759741282000,
        "likes": 0
      },
      {
        "id": "c2",
        "content": "Mornings like this are medicine for the soul.",
        "author": "Leo",
        "createdAt": 1759745749000,
        "likes": 0
      },
      {
        "id": "c1",
        "content": "This line lingers. Thank you for putting it into words.",
        "author": "Nadia",
        "createdAt": 1759761731000,
        "likes": 1
      }
    ],
    "imageUrl": "/uploads/img_1760210281138_742564.jpg"
  },
  {
    "id": "p2",
    "title": "Rain on the Glass",
    "content": "Raindrops traced stories on my window tonight. I caught myself watching them fall for too long, lost somewhere between thoughts and memories.\n\nThere’s a rhythm to the small things—the click of a kettle, the soft hinge of a door, the shuffle of envelopes and keys—that keeps the day stitched together. On the walk home I took the slightly longer route past the bakery, because the air there always tastes like a sentence I almost remember.\n\nIf I can remember to meet the world at its softest edges, it meets me back with room enough to breathe.",
    "author": "Callum",
    "likes": 12,
    "dislikes": 0,
    "createdAt": 1759865027000,
    "updatedAt": 1760222867455,
    "comments": [
      {
        "id": "c3",
        "content": "Your writing paints such vivid pictures.",
        "author": "Ella",
        "createdAt": 1759866030000,
        "likes": 0
      },
      {
        "id": "c2",
        "content": "I love how gentle this is. It slowed me down in a good way.",
        "author": "Jun",
        "createdAt": 1759872227000,
        "likes": 0
      }
    ],
    "imageUrl": "/uploads/img_1760210243781_129730.jpg"
  },
  {
    "id": "p3",
    "title": "Wandering Steps",
    "content": "I walked without direction today — no map, no reason, just rhythm. The city hums differently when you let it guide you instead of rushing through it.\n\nThere’s a rhythm to the small things—the click of a kettle, the soft hinge of a door, the shuffle of envelopes and keys—that keeps the day stitched together. The table kept a circle of warmth where the cup had rested; I traced it with a fingertip as if reading the day in braille.\n\nIf I can remember to meet the world at its softest edges, it meets me back with room enough to breathe.",
    "author": "Rowan",
    "likes": 5,
    "dislikes": 0,
    "createdAt": 1759673341000,
    "updatedAt": 1760222867456,
    "comments": [
      {
        "id": "c3",
        "content": "The details are so tactile. I could smell the street.",
        "author": "Ren",
        "createdAt": 1759694941000,
        "likes": 0
      },
      {
        "id": "c4",
        "content": "The image of light in the rain—so vivid.",
        "author": "Theo",
        "createdAt": 1759712941000,
        "likes": 0
      }
    ],
    "imageUrl": "/uploads/img_1760210322332_401648.jpg"
  },
  {
    "id": "p4",
    "title": "The Weight of Silence",
    "content": "Sometimes silence isn’t empty; it’s full — of unsaid words, paused breath, and the ache of things we can’t quite name.\n\nThere’s a rhythm to the small things—the click of a kettle, the soft hinge of a door, the shuffle of envelopes and keys—that keeps the day stitched together. Later, I folded the receipt from an ordinary purchase and tucked it into a book, a placeholder for a feeling I didn’t want to lose.\n\nI think of how weather is a language we all speak without trying; how every cloud teaches us to hold, and then to let go.",
    "author": "Julian",
    "likes": 9,
    "dislikes": 0,
    "createdAt": 1759532116000,
    "updatedAt": 1760222867457,
    "comments": [
      {
        "id": "c4",
        "content": "This hit me right in the heart. Beautifully said.",
        "author": "Nadia",
        "createdAt": 1759540378000,
        "likes": 0
      },
      {
        "id": "c5",
        "content": "I love how gentle this is. It slowed me down in a good way.",
        "author": "Sam",
        "createdAt": 1759535716000,
        "likes": 3
      }
    ],
    "imageUrl": "/uploads/img_1760210353312_586783.jpg"
  },
  {
    "id": "p5",
    "title": "Late-Night Thoughts",
    "content": "There’s something about 2 a.m. that turns thoughts into constellations. Maybe it’s just the quiet letting us finally hear ourselves.\n\nThere’s a rhythm to the small things—the click of a kettle, the soft hinge of a door, the shuffle of envelopes and keys—that keeps the day stitched together. On the walk home I took the slightly longer route past the bakery, because the air there always tastes like a sentence I almost remember.\n\nIt turns out most of my favorite moments can’t be photographed; they happen in the breath between noticing and naming.",
    "author": "Maeve",
    "likes": 13,
    "dislikes": 0,
    "createdAt": 1759371276000,
    "updatedAt": 1760222867458,
    "comments": [
      {
        "id": "c5",
        "content": "Relatable — night seems to stretch the mind wider somehow.",
        "author": "Theo",
        "createdAt": 1759373112000,
        "likes": 0
      },
      {
        "id": "c6",
        "content": "Love this line about constellations. Feels poetic.",
        "author": "Amara",
        "createdAt": 1759374003000,
        "likes": 0
      },
      {
        "id": "c6",
        "content": "I could hear the room in this—soft and patient.",
        "author": "Ren",
        "createdAt": 1759389276000,
        "likes": 0
      }
    ],
    "imageUrl": "/uploads/img_1760210387232_150199.jpg"
  },
  {
    "id": "p6",
    "title": "Windows Learn My Name",
    "content": "I walked the long way home. Shop signs yawned awake and the pavement carried yesterday’s conversations. I didn’t hurry. Some days I want the world to pass by in lowercase, a soft hum beneath my thoughts.\n\nEven the city seems to lower its voice when I remember to listen; patterns surface, then dissolve, like light puddling on a stairwell. On the walk home I took the slightly longer route past the bakery, because the air there always tastes like a sentence I almost remember.\n\nI think of how weather is a language we all speak without trying; how every cloud teaches us to hold, and then to let go.",
    "author": "Mira",
    "likes": 17,
    "dislikes": 0,
    "createdAt": 1760219938132,
    "updatedAt": 1760248738132,
    "comments": [
      {
        "id": "c8",
        "content": "Made me put the kettle on and breathe for a minute.",
        "author": "Yara",
        "createdAt": 1760248738132,
        "likes": 1
      }
    ],
    "imageUrl": "/uploads/img_1760221293216_156660.jpg"
  },
  {
    "id": "p7",
    "title": "Rain Practicing Light",
    "content": "Rain sketched pale ladders down the glass, and every car turned into a comet. The kettle clicked, and for a moment the room felt like a lighthouse—steady, kind.\n\nThere’s a rhythm to the small things—the click of a kettle, the soft hinge of a door, the shuffle of envelopes and keys—that keeps the day stitched together. Later, I folded the receipt from an ordinary purchase and tucked it into a book, a placeholder for a feeling I didn’t want to lose.\n\nIt turns out most of my favorite moments can’t be photographed; they happen in the breath between noticing and naming.",
    "author": "Mira",
    "likes": 18,
    "dislikes": 0,
    "createdAt": 1760219938133,
    "updatedAt": 1760234338133,
    "comments": [
      {
        "id": "c9",
        "content": "This is the sort of calm I needed today.",
        "author": "Marina",
        "createdAt": 1760223538133,
        "likes": 2
      },
      {
        "id": "c10",
        "content": "I’ve felt this exact feeling but never knew how to say it.",
        "author": "Jun",
        "createdAt": 1760234338133,
        "likes": 0
      }
    ],
    "imageUrl": "/uploads/img_1760221157506_851941.jpg"
  },
  {
    "id": "p8",
    "title": "A Street of Kept Promises",
    "content": "The corner café smelled like oranges and ink. I kept an old promise to notice small things: a loose thread on my sleeve, a gull’s laugh, a child counting buses out loud.\n\nThere’s a rhythm to the small things—the click of a kettle, the soft hinge of a door, the shuffle of envelopes and keys—that keeps the day stitched together. Later, I folded the receipt from an ordinary purchase and tucked it into a book, a placeholder for a feeling I didn’t want to lose.\n\nMaybe this is what care looks like when no one’s watching—not grand, not loud, just a steady choosing of gentleness in the places it fits.",
    "author": "Mira",
    "likes": 18,
    "dislikes": 0,
    "createdAt": 1760219938134,
    "updatedAt": 1760234338134,
    "comments": [
      {
        "id": "c11",
        "content": "This line lingers. Thank you for putting it into words.",
        "author": "Amara",
        "createdAt": 1760230738134,
        "likes": 2
      },
      {
        "id": "c12",
        "content": "Saved this to reread on a quiet night.",
        "author": "Rhea",
        "createdAt": 1760234338134,
        "likes": 3
      }
    ],
    "imageUrl": "/uploads/img_1760220764412_339616.jpg"
  },
  {
    "id": "p9",
    "title": "Umbrellas Remember Different Skies",
    "content": "Mine remembers a blue April, yours a yellow October. We compared notes and called it weather—but it felt like we were learning each other’s maps.\n\nSomewhere between errands and weather, a quiet kind of meaning shows up and sits beside me, not asking to be named, only to be noticed. Later, I folded the receipt from an ordinary purchase and tucked it into a book, a placeholder for a feeling I didn’t want to lose.\n\nMaybe this is what care looks like when no one’s watching—not grand, not loud, just a steady choosing of gentleness in the places it fits.",
    "author": "Mira",
    "likes": 10,
    "dislikes": 0,
    "createdAt": 1760219938135,
    "updatedAt": 1760269735859,
    "comments": [
      {
        "id": "c13",
        "content": "That's beautiful.",
        "author": "Noa",
        "createdAt": 1760223538135,
        "likes": 3
      },
      {
        "id": "c14",
        "content": "The image of light in the rain—so vivid.",
        "author": "Amara",
        "createdAt": 1760227138135,
        "likes": 3
      }
    ],
    "imageUrl": "/uploads/img_1760221978150_716913.jpg"
  },
  {
    "id": "p10",
    "title": "When the Night Writes Back",
    "content": "Out past the last tram, the city answered in neon syllables. I mailed a letter I’ll never send, then stood under a balcony and listened to someone practice a gentle song.\n\nIt helps to count gentle proofs: steam on a mug, a bus arriving right when I need it, a stranger holding a door a second longer than they had to. Later, I folded the receipt from an ordinary purchase and tucked it into a book, a placeholder for a feeling I didn’t want to lose.\n\nIt turns out most of my favorite moments can’t be photographed; they happen in the breath between noticing and naming.",
    "author": "Mira",
    "likes": 11,
    "dislikes": 0,
    "createdAt": 1760219938136,
    "updatedAt": 1760269707169,
    "comments": [
      {
        "id": "c15",
        "content": "This took me somewhere familiar and kind.",
        "author": "Rhea",
        "createdAt": 1760241538136,
        "likes": 3
      },
      {
        "id": "c16",
        "content": "The details are so tactile. I could smell the street.",
        "author": "Amara",
        "createdAt": 1760248738136,
        "likes": 0
      }
    ],
    "imageUrl": "/uploads/img_1760220329990_409006.jpg"
  }
]